customer_id,country,total_orders
99,Italy,9
1,Spain,8
39,Morocco,8
63,Spain,8
233,Spain,8
220,France,7
252,Germany,7
144,France,7
152,Morocco,7
160,France,7
173,Morocco,7
192,Italy,7
51,Germany,7
53,France,7
54,Morocco,7
5,Italy,7
101,Germany,7
104,Spain,7
95,Spain,7
111,France,7
113,Spain,7
289,Italy,7
294,France,6
118,Morocco,6
122,Germany,6
126,France,6
133,Germany,6
35,Spain,6
47,Italy,6
58,Morocco,6
69,Germany,6
190,Spain,6
198,Germany,6
215,Germany,6
177,Spain,6
180,Italy,6
170,Morocco,6
161,Germany,6
145,France,6
147,Germany,6
253,Morocco,6
247,Spain,6
217,Italy,6
218,Germany,6
231,Morocco,6
229,France,6
259,Spain,6
264,France,6
277,Germany,6
283,Italy,6
286,Spain,6
285,Spain,5
280,Italy,5
273,Germany,5
268,France,5
257,Italy,5
227,Spain,5
223,Spain,5
224,France,5
225,Morocco,5
239,Spain,5
254,Germany,5
148,Morocco,5
154,Morocco,5
157,Morocco,5
151,Germany,5
172,Italy,5
202,Spain,5
179,Spain,5
187,Morocco,5
62,Spain,5
38,Morocco,5
42,Italy,5
28,Morocco,5
25,Italy,5
13,Italy,5
14,Italy,5
15,Morocco,5
134,Italy,5
128,Italy,5
96,Germany,5
90,Italy,5
92,Spain,5
75,Spain,5
76,Spain,4
78,Spain,4
81,Spain,4
86,Morocco,4
89,Morocco,4
103,Italy,4
100,Italy,4
130,Spain,4
131,Spain,4
127,Italy,4
141,Germany,4
136,Spain,4
137,France,4
112,Germany,4
106,France,4
4,France,4
6,Italy,4
10,Italy,4
23,Spain,4
36,Italy,4
34,Morocco,4
44,France,4
49,Spain,4
184,France,4
214,Italy,4
165,Italy,4
158,Italy,4
163,Spain,4
143,Italy,4
150,Morocco,4
236,Morocco,4
237,Italy,4
242,France,4
249,Italy,4
271,France,4
267,Spain,4
284,Morocco,4
282,France,4
296,France,4
288,France,4
292,Germany,3
293,Germany,3
275,France,3
265,Italy,3
250,Germany,3
251,Morocco,3
261,Morocco,3
243,France,3
238,Spain,3
222,Spain,3
255,France,3
240,France,3
226,Morocco,3
228,Germany,3
153,Germany,3
146,Morocco,3
164,Germany,3
168,France,3
178,France,3
201,France,3
216,Italy,3
212,Morocco,3
213,France,3
203,Spain,3
207,Germany,3
208,Morocco,3
182,Italy,3
188,Germany,3
189,Germany,3
186,Germany,3
191,Italy,3
194,Morocco,3
195,Spain,3
196,Spain,3
48,Italy,3
41,Spain,3
46,Italy,3
60,Spain,3
52,France,3
65,France,3
33,Italy,3
37,Italy,3
29,Germany,3
26,Spain,3
20,France,3
22,Italy,3
8,France,3
9,Morocco,3
2,Italy,3
12,France,3
135,France,3
116,France,3
117,Spain,3
129,France,3
94,Germany,3
97,Spain,3
98,Morocco,3
84,France,3
83,Italy,2
72,France,2
93,Germany,2
105,France,2
132,Germany,2
142,Germany,2
138,Morocco,2
139,France,2
140,Morocco,2
107,Italy,2
108,Italy,2
109,Italy,2
114,Morocco,2
115,Italy,2
123,Spain,2
124,Morocco,2
125,France,2
119,Spain,2
120,Spain,2
121,Germany,2
17,Morocco,2
7,Spain,2
19,Germany,2
21,France,2
66,Spain,2
67,Spain,2
68,Morocco,2
70,Morocco,2
61,Germany,2
43,France,2
55,Italy,2
56,Italy,2
197,Italy,2
183,Italy,2
205,Morocco,2
206,Spain,2
210,Morocco,2
181,Spain,2
176,France,2
174,Italy,2
171,Italy,2
167,Morocco,2
162,Italy,2
155,France,2
156,Italy,2
149,Germany,2
230,Morocco,2
256,Germany,2
235,France,2
244,Italy,2
262,Morocco,2
260,Italy,2
258,Morocco,2
246,Germany,2
272,Italy,2
274,Morocco,2
270,Spain,2
279,Spain,2
281,France,2
290,Germany,2
291,Morocco,2
295,France,2
299,France,2
300,Spain,2
297,Germany,1
298,Morocco,1
287,France,1
278,Spain,1
269,Italy,1
263,Spain,1
241,Morocco,1
234,Germany,1
221,Germany,1
159,France,1
166,Morocco,1
169,Spain,1
175,Italy,1
211,Italy,1
204,Germany,1
199,Morocco,1
200,Germany,1
185,France,1
57,Italy,1
50,France,1
45,Italy,1
40,Morocco,1
59,Spain,1
27,Morocco,1
30,Germany,1
31,Italy,1
32,Italy,1
3,Spain,1
11,Morocco,1
18,Morocco,1
16,Germany,1
110,Spain,1
91,Italy,1
73,Germany,1
74,Morocco,1
82,Spain,1
80,Morocco,1
85,Germany,1
88,Italy,1
87,Germany,0
79,Morocco,0
77,Germany,0
102,France,0
24,Spain,0
71,Italy,0
64,Italy,0
193,Italy,0
209,Germany,0
219,Germany,0
232,Italy,0
248,Spain,0
245,Spain,0
266,Spain,0
276,Morocco,0
